date,revenue,orders,sessions,atc,spend,purchases,meta_revenue,impressions,reach,link_clicks,video_3s,video_25,roas,mer,cpp,ctr,cvr,atc_rate,frequency,cpm,cpc,hook_rate,hold_rate
2026-06-12,72.96,2.0,278.0,8.0,148.12,2.0,0.0,3293.0,2881.0,109.0,117.0,42.0,0.0,0.49,74.06,3.31,0.72,2.88,1.1,44.98,1.36,3.6,35.9
2026-06-13,39.99,1.0,131.0,7.0,112.79,0.0,0.0,2528.0,2143.0,100.0,61.0,9.0,0.0,0.35,0.0,3.96,0.76,5.34,1.2,44.62,1.13,2.4,14.8
2026-06-14,119.97,3.0,338.0,19.0,145.36,3.0,0.0,3562.0,3150.0,163.0,1022.0,401.0,0.0,0.83,48.45,4.58,0.89,5.62,1.1,40.81,0.89,28.7,39.2
2026-06-15,170.92,5.0,213.0,8.0,113.89,2.0,0.0,3952.0,3148.0,126.0,2738.0,1036.0,0.0,1.5,56.95,3.19,2.35,3.76,1.3,28.82,0.9,69.3,37.8
2026-06-16,139.21,4.0,173.0,7.0,120.33,1.0,0.0,3889.0,3358.0,115.0,2934.0,1045.0,0.0,1.16,120.33,2.96,2.31,4.05,1.2,30.94,1.05,75.4,35.6
2026-06-17,119.97,3.0,137.0,7.0,119.05,3.0,0.0,3746.0,3097.0,91.0,2570.0,591.0,0.0,1.01,39.68,2.43,2.19,5.11,1.2,31.78,1.31,68.6,23.0
2026-06-18,199.95,5.0,133.0,16.0,114.95,4.0,0.0,3686.0,2933.0,76.0,2258.0,810.0,0.0,1.74,28.74,2.06,3.76,12.03,1.3,31.19,1.51,61.3,35.9
2026-06-19,202.94,5.0,135.0,7.0,119.05,2.0,0.0,4194.0,3410.0,81.0,3148.0,698.0,0.0,1.7,59.52,1.93,3.7,5.19,1.2,28.39,1.47,75.1,22.2
2026-06-20,217.93,6.0,138.0,8.0,113.97,4.0,0.0,3847.0,3387.0,82.0,2658.0,507.0,0.0,1.91,28.49,2.13,4.35,5.8,1.1,29.63,1.39,69.1,19.1
2026-06-21,100.96,3.0,148.0,7.0,130.29,1.0,0.0,4593.0,4018.0,109.0,2939.0,523.0,0.0,0.77,130.29,2.37,2.03,4.73,1.1,28.37,1.2,64.0,17.8
2026-06-22,140.75,3.0,152.0,15.0,128.59,2.0,82.78,4542.0,3795.0,111.0,3181.0,501.0,0.64,0.64,64.3,2.44,1.97,9.87,1.2,28.31,1.16,70.0,15.7
2026-06-23,391.85,12.0,137.0,18.0,130.25,6.0,239.94,4656.0,3875.0,99.0,2725.0,696.0,1.84,1.84,21.71,2.13,8.76,13.14,1.2,27.97,1.32,58.5,25.5
2026-06-24,79.98,2.0,147.0,3.0,110.51,0.0,0.0,3811.0,3200.0,76.0,2740.0,646.0,0.0,0.0,0.0,1.99,1.36,2.04,1.2,29.0,1.45,71.9,23.6
2026-06-25,210.91,6.0,53.0,11.0,97.53,3.0,97.96,3121.0,2605.0,62.0,2197.0,522.0,1.0,1.0,32.51,1.99,11.32,20.75,1.2,31.25,1.57,70.4,23.8
2026-06-26,239.94,6.0,123.0,10.0,96.46,4.0,159.96,3060.0,2529.0,84.0,2830.0,1256.0,1.66,1.66,24.11,2.75,4.88,8.13,1.2,31.52,1.15,92.5,44.4
2026-06-27,279.93,7.0,94.0,13.0,98.19,4.0,159.96,3408.0,3123.0,66.0,3122.0,514.0,1.63,1.63,24.55,1.94,7.45,13.83,1.1,28.81,1.49,91.6,16.5
2026-06-28,217.93,3.0,148.0,10.0,126.46,3.0,217.93,4426.0,3901.0,105.0,4120.0,1476.0,1.72,1.72,42.15,2.37,2.03,6.76,1.1,28.57,1.2,93.1,35.8
2026-06-29,322.52,8.0,113.0,11.0,96.78,5.0,199.95,2990.0,2659.0,89.0,2599.0,1005.0,2.07,2.07,19.36,2.98,7.08,9.73,1.1,32.37,1.09,86.9,38.7
2026-06-30,187.93,4.0,146.0,11.0,98.12,2.0,119.97,2845.0,2520.0,77.0,2542.0,1318.0,1.22,1.22,49.06,2.71,2.74,7.53,1.1,34.49,1.27,89.3,51.8
2026-07-01,243.35,5.0,145.0,13.0,100.14,4.0,199.95,2854.0,2396.0,103.0,2319.0,1368.0,2.0,2.0,25.04,3.61,3.45,8.97,1.2,35.09,0.97,81.3,59.0
2026-07-02,159.96,4.0,148.0,7.0,100.5,4.0,159.96,3123.0,2666.0,97.0,1919.0,1206.0,1.59,1.59,25.12,3.11,2.7,4.73,1.2,32.18,1.04,61.4,62.8
2026-07-03,159.96,4.0,160.0,11.0,89.25,3.0,119.97,2779.0,2419.0,95.0,1929.0,1174.0,1.34,1.34,29.75,3.42,2.5,6.88,1.1,32.12,0.94,69.4,60.9
2026-07-04,84.96,2.0,143.0,9.0,84.65,1.0,39.99,3120.0,2690.0,92.0,2058.0,1127.0,0.47,0.47,84.65,2.95,1.4,6.29,1.2,27.13,0.92,66.0,54.8
2026-07-05,149.96,3.0,133.0,3.0,113.33,1.0,39.99,3586.0,3156.0,103.0,2454.0,1119.0,0.35,0.35,113.33,2.87,2.26,2.26,1.1,31.6,1.1,68.4,45.6
2026-07-06,137.95,4.0,120.0,10.0,98.62,4.0,137.95,3007.0,2671.0,62.0,2124.0,1030.0,1.4,1.4,24.66,2.06,3.33,8.33,1.1,32.8,1.59,70.6,48.5
2026-07-07,57.97,2.0,136.0,5.0,94.83,2.0,57.97,2791.0,2359.0,67.0,1581.0,704.0,0.61,0.61,47.41,2.4,1.47,3.68,1.2,33.98,1.42,56.6,44.5
2026-07-08,275.32,6.0,96.0,12.0,104.53,4.0,199.95,2665.0,2206.0,62.0,1024.0,327.0,1.91,1.91,26.13,2.33,6.25,12.5,1.2,39.22,1.69,38.4,31.9
2026-07-09,220.03,6.0,65.0,8.0,98.69,5.0,177.94,2594.0,2262.0,59.0,901.0,146.0,1.8,1.8,19.74,2.27,9.23,12.31,1.1,38.05,1.67,34.7,16.2
2026-07-10,176.89,6.0,78.0,12.0,92.79,0.0,0.0,2151.0,1787.0,60.0,860.0,143.0,0.0,0.0,0.0,2.79,7.69,15.38,1.2,43.14,1.55,40.0,16.6
2026-07-11,145.93,4.0,101.0,14.0,93.55,2.0,109.97,2109.0,1845.0,64.0,618.0,105.0,1.18,1.18,46.77,3.03,3.96,13.86,1.1,44.36,1.46,29.3,17.0
2026-07-12,239.93,6.0,109.0,12.0,120.94,6.0,239.93,3194.0,2517.0,72.0,1988.0,390.0,1.98,1.98,20.16,2.25,5.5,11.01,1.3,37.86,1.68,62.2,19.6
2026-07-13,190.74,5.0,64.0,4.0,99.31,2.0,72.97,2353.0,1986.0,47.0,1680.0,264.0,0.73,0.73,49.66,2.0,7.81,6.25,1.2,42.21,2.11,71.4,15.7
2026-07-14,264.19,7.0,56.0,5.0,101.52,4.0,140.94,2507.0,2093.0,51.0,1643.0,241.0,1.39,1.39,25.38,2.03,12.5,8.93,1.2,40.49,1.99,65.5,14.7
2026-07-15,137.95,4.0,81.0,12.0,92.75,2.0,79.98,3042.0,2571.0,54.0,1906.0,258.0,0.86,0.86,46.38,1.78,4.94,14.81,1.2,30.49,1.72,62.7,13.5
2026-07-16,202.85,5.0,80.0,3.0,92.87,3.0,119.97,2687.0,2255.0,50.0,1752.0,261.0,1.29,1.29,30.96,1.86,6.25,3.75,1.2,34.56,1.86,65.2,14.9
2026-07-17,152.95,4.0,105.0,7.0,99.32,1.0,39.99,2568.0,2141.0,59.0,1565.0,244.0,0.4,0.4,99.32,2.3,3.81,6.67,1.2,38.68,1.68,60.9,15.6
2026-07-18,39.99,1.0,89.0,7.0,90.99,1.0,39.99,2573.0,2249.0,63.0,1400.0,227.0,0.44,0.44,90.99,2.45,1.12,7.87,1.1,35.36,1.44,54.4,16.2
2026-07-19,304.22,8.0,103.0,14.0,112.58,5.0,202.55,3318.0,2728.0,64.0,2044.0,284.0,1.8,1.8,22.52,1.93,7.77,13.59,1.2,33.93,1.76,61.6,13.9
2026-07-20,119.97,3.0,94.0,7.0,91.14,3.0,119.97,2896.0,2393.0,58.0,1669.0,265.0,1.32,1.32,30.38,2.0,3.19,7.45,1.2,31.47,1.57,57.6,15.9
2026-07-21,199.95,5.0,124.0,17.0,103.83,4.0,159.96,3015.0,2464.0,75.0,1637.0,273.0,1.54,1.54,25.96,2.49,4.03,13.71,1.2,34.44,1.38,54.3,16.7
2026-07-22,308.7,7.0,129.0,11.0,97.58,5.0,188.73,2702.0,2260.0,56.0,1691.0,274.0,1.93,1.93,19.52,2.07,5.43,8.53,1.2,36.11,1.74,62.6,16.2
2026-07-23,177.94,5.0,116.0,9.0,94.33,4.0,159.96,2617.0,2258.0,55.0,1610.0,280.0,1.7,1.7,23.58,2.1,4.31,7.76,1.2,36.05,1.72,61.5,17.4
2026-07-24,253.89,8.0,119.0,15.0,108.23,5.0,177.94,2870.0,2329.0,60.0,1580.0,202.0,1.64,1.64,21.65,2.09,6.72,12.61,1.2,37.71,1.8,55.1,12.8
2026-07-25,57.97,2.0,92.0,11.0,88.63,2.0,57.97,2616.0,2183.0,50.0,1341.0,215.0,0.65,0.65,44.31,1.91,2.17,11.96,1.2,33.88,1.77,51.3,16.0
2026-07-26,235.91,6.0,158.0,12.0,124.45,4.0,177.94,4226.0,3506.0,94.0,2959.0,473.0,1.43,1.43,31.11,2.22,3.8,7.59,1.2,29.45,1.32,70.0,16.0
2026-07-27,177.94,5.0,110.0,7.0,100.18,3.0,97.96,4031.0,3523.0,74.0,3338.0,502.0,0.98,0.98,33.39,1.84,4.55,6.36,1.1,24.85,1.35,82.8,15.0
2026-07-28,209.93,6.0,97.0,9.0,83.38,4.0,137.95,2682.0,2270.0,44.0,2137.0,345.0,1.65,1.65,20.84,1.64,6.19,9.28,1.2,31.09,1.89,79.7,16.1
2026-07-29,119.97,3.0,91.0,10.0,99.39,2.0,79.98,3074.0,2868.0,56.0,2843.0,419.0,0.8,0.8,49.7,1.82,3.3,10.99,1.1,32.33,1.77,92.5,14.7
2026-07-30,257.92,7.0,80.0,16.0,91.06,3.0,119.97,2581.0,2365.0,43.0,2293.0,325.0,1.32,1.32,30.35,1.67,8.75,20.0,1.1,35.28,2.12,88.8,14.2
2026-07-31,216.64,4.0,96.0,14.0,98.67,1.0,39.99,2828.0,2448.0,59.0,2247.0,324.0,0.41,0.41,98.67,2.09,4.17,14.58,1.2,34.89,1.67,79.5,14.4
2026-08-01,79.98,2.0,86.0,6.0,99.99,1.0,39.99,2558.0,2254.0,46.0,1981.0,272.0,0.4,0.4,99.99,1.8,2.33,6.98,1.1,39.09,2.17,77.4,13.7
2026-08-02,161.93,4.0,99.0,13.0,122.43,2.0,57.97,3181.0,2498.0,70.0,1861.0,276.0,0.47,0.47,61.22,2.2,4.04,13.13,1.3,38.49,1.75,58.5,14.8
2026-08-03,232.92,5.0,106.0,11.0,83.58,3.0,174.95,2460.0,1982.0,49.0,1387.0,208.0,2.09,2.09,27.86,1.99,4.72,10.38,1.2,33.98,1.71,56.4,15.0
2026-08-04,232.93,6.0,91.0,7.0,109.01,4.0,152.95,2935.0,2359.0,58.0,2062.0,318.0,1.4,1.4,27.25,1.98,6.59,7.69,1.2,37.14,1.88,70.3,15.4
2026-08-05,72.96,2.0,75.0,7.0,94.58,1.0,39.99,2241.0,1789.0,49.0,1701.0,307.0,0.42,0.42,94.58,2.19,2.67,9.33,1.3,42.2,1.93,75.9,18.0
2026-08-06,217.93,6.0,75.0,7.0,99.66,6.0,217.93,2192.0,1867.0,56.0,1921.0,340.0,2.19,2.19,16.61,2.55,8.0,9.33,1.2,45.47,1.78,87.6,17.7
2026-08-07,238.71,7.0,92.0,8.0,95.17,2.0,79.98,2596.0,2085.0,53.0,1012.0,209.0,0.84,0.84,47.59,2.04,7.61,8.7,1.2,36.66,1.8,39.0,20.7
2026-08-08,159.96,4.0,126.0,12.0,94.73,3.0,119.97,2602.0,2289.0,94.0,622.0,161.0,1.27,1.27,31.58,3.61,3.17,9.52,1.1,36.41,1.01,23.9,25.9
2026-08-09,39.99,1.0,169.0,6.0,124.03,1.0,39.99,3355.0,2798.0,142.0,991.0,293.0,0.32,0.32,124.03,4.23,0.59,3.55,1.2,36.97,0.87,29.5,29.6
2026-08-10,152.94,4.0,145.0,6.0,90.97,3.0,112.95,2346.0,1971.0,91.0,769.0,223.0,1.24,1.24,30.32,3.88,2.76,4.14,1.2,38.78,1.0,32.8,29.0
2026-08-23,297.91,8.0,223.0,17.0,146.58,5.0,199.95,3779.0,3171.0,156.0,677.0,180.0,1.36,1.36,29.32,4.13,3.59,7.62,1.2,38.79,0.94,17.9,26.6
2026-08-24,199.95,5.0,192.0,7.0,135.38,3.0,119.97,3640.0,3102.0,156.0,86.0,22.0,0.89,0.89,45.13,4.29,2.6,3.65,1.2,37.19,0.87,2.4,25.6
2026-08-25,82.97,2.0,251.0,11.0,120.83,2.0,82.97,2888.0,2547.0,154.0,0.0,0.0,0.69,0.69,60.41,5.33,0.8,4.38,1.1,41.84,0.78,0.0,0.0
2026-08-26,162.76,4,233,14,103.61,2,82.78,2789,2340,136,125,20,0.8,0.8,51.8,4.88,1.72,6.01,1.2,37.15,0.76,4.5,16.0
